<?xml version="1.0" encoding="UTF-8"?>
<!DOCTYPE suite SYSTEM "https://testng.org/testng-1.0.dtd">
<suite parallel="classes" name="Suite" verbose="5">
	<test thread-count="5" parallel="classes" name="Hybrid Execution">
		<classes>
			<class name="testcases.TC001_LoginTestNG" />
			<class name="testcases.TC002_CreateLeadTestNG" />
			<class name="testcases.TC001_LoginRunner" />
			<class name="testcases.TC002_CreateLeadRunner"/>
		</classes>
	</test> <!--
	Test -->
</suite> <!--
Suite -->
